label,aliases,category,maker,hrc,retention,sharpening,corrosion,chip,c_pct,cr_pct,mo_pct,v_pct,w_pct,co_pct,mn_pct,si_pct,other_comp,description,available
White Steel #3,"white steel 3,shirogami 3,white 3",Carbon,Hitachi,59–62,60,100,10,90,0.80–0.90%,,,,,,0.10–0.20%,0.10–0.20%,,Most accessible Shirogami. Low carbon gives exceptional ease of sharpening and a keen initial edge with lower edge retention than #1 or #2. Highly reactive — dry immediately after every use.,true
White Steel #2,"white steel 2,shirogami 2,white 2",Carbon,Hitachi,61–64,70,90,10,80,1.00–1.10%,,,,,,0.20–0.30%,0.10–0.20%,"P ≤0.025%, S ≤0.004%",Benchmark of Japanese kitchen knife carbon steels. High purity allows an extremely sharp edge. Very reactive — dry immediately after use.,true
White Steel #1,"white steel 1,shirogami 1,white 1",Carbon,Hitachi,62–65,80,80,10,70,1.25–1.35%,,,,,,0.20–0.30%,0.10–0.20%,"P ≤0.025%, S ≤0.004%",Purest and highest-carbon Shirogami. Extremely refined edge — used in top Honyaki knives. More brittle than #2. Requires expert care.,true
Blue Steel #2,"blue steel 2,aogami 2,blue 2,aogami2",Carbon,Hitachi,62–63,80,70,20,80,1.00–1.20%,0.20–0.50%,,,1.50–2.00%,,0.20–0.30%,0.10–0.20%,,Most popular carbon steel in Japanese knife making. Tungsten and chromium improve toughness and retention while remaining accessible to sharpen.,true
Blue Steel #1,"blue steel 1,aogami 1,blue 1,aogami1",Carbon,Hitachi,62–65,90,60,20,70,1.20–1.40%,0.30–0.50%,,,1.50–2.00%,,0.20–0.30%,0.10–0.20%,,Higher carbon than Blue #2. Superior edge retention. More demanding to sharpen — for experienced users.,true
Blue Super,"blue super,aogami super",Carbon,Hitachi,63–67,100,50,30,80,1.40–1.50%,0.30–0.50%,0.30–0.50%,0.30–0.50%,2.00–2.50%,,0.20–0.40%,0.10–0.40%,,Pinnacle of Yasugi carbon steel. Mo and V push hardness and retention to the absolute limits without becoming brittle. Expert sharpening and care required.,true
V-Toku 2,v-toku 2,Carbon,Hitachi,62–65,90,60,20,70,1.00–1.20%,0.10–0.30%,,0.20–0.30%,,,0.20–0.30%,0.10–0.20%,,Hitachi carbon steel with vanadium additions. Vanadium carbides improve wear resistance beyond standard Blue steels.,true
SK Steel,sk steel,Carbon,JIS,58–62,50,90,10,90,0.95–1.10%,,,,,,0.10–0.50%,0.10–0.35%,,JIS standard basic tool steel. Lower performance but very easy to sharpen. Entry-level traditional knives. Highly reactive.,true
ApexUltra,apex ultra,Carbon,Takefu,64–67,100,30,30,70,1.55–1.65%,0.50%,0.50%,0.50%,2.00%,,0.30%,0.35%,,"Ultra-high carbon steel. Extreme edge retention. Requires specialist heat treatment, expert sharpening and meticulous care.",true
SLD,sld,Semi-stainless,Hitachi,60–63,80,70,50,80,0.95–1.00%,7.80–8.50%,1.00–1.50%,0.20–0.30%,0.30%,,0.30–0.60%,0.20–0.50%,,Semi-stainless tool steel. ~8% Cr develops a protective patina rather than rusting aggressively. Excellent toughness and good edge retention.,true
SKD,skd,Semi-stainless,JIS,62–64,90,50,60,70,1.40–1.60%,11.00–13.00%,0.80–1.20%,0.70–1.00%,,,0.20–0.50%,0.40%,,"High-carbon, high-chromium tool steel. ~12% Cr offers meaningful corrosion resistance. High carbide volume delivers excellent edge retention.",true
HAP-40,"hap-40,hap40,hap 40",Semi-stainless,Hitachi,66–67,100,40,50,80,1.27%,4.00%,5.00%,3.00%,6.00%,8.00%,0.30%,0.45%,,"High-speed powder tool steel. W, Mo, V and Co push hardness to 66–67 HRC. Outstanding edge retention. Requires diamond or CBN stones.",true
AUS-8,"aus-8,aus8,aus 8",Stainless,Aichi,57–59,50,80,70,80,0.70–0.75%,13.00–14.50%,0.10–0.30%,0.10–0.26%,,,0.50%,1.00%,Ni 0.49%,"Reliable mid-range Japanese stainless. Balanced performance, easy to sharpen, forgiving of rough use, good corrosion resistance.",true
MV (Molybdenum Vanadium),mv (molybdenum vanadium),Stainless,Various,56–58,40,90,80,90,0.60–0.70%,13.00–14.00%,0.50–1.00%,0.10–0.20%,,,,,,Basic stainless designation. Lower carbon limits edge retention but delivers excellent toughness and corrosion resistance. Very easy to sharpen.,true
Swedish Steel,"swedish steel,sweden",Stainless,Sandvik,60–62,60,80,70,80,0.65–0.70%,13.50%,0.10%,,,,0.65%,0.40%,,High-purity Scandinavian stainless (19C27). Fine microstructure allows sharpness comparable to carbon steels. Consistent quality.,true
VG-1,"vg1,vg-1,vg 1",Stainless,Takefu,57–60,50,80,80,80,0.60–0.75%,14.00–15.00%,0.10%,,,,0.50%,0.40%,,Entry-level VG series by Takefu. Good corrosion resistance and easy to sharpen. Low-maintenance for everyday use.,true
VG-5,"vg5,vg-5,vg 5",Stainless,Takefu,59–61,60,70,80,70,0.80–0.90%,14.00–15.00%,0.20%,0.10–0.20%,,,0.50%,0.50%,,Mid-range VG series between VG-1 and VG-10. Good corrosion resistance. Easier to sharpen than VG-10.,true
Ginsan / Silver #3,"ginsan,silver #3,gin san,gingami #3,silver steel #3,silver steel 3,silver 3,gin-san",Stainless,Hitachi,61–62,70,80,80,70,0.95–1.10%,13.00–14.50%,,,,,0.50–0.70%,0.20–0.50%,"P ≤0.025%, S ≤0.004%",Carbon steel performance with stainless convenience. Achieves sharpness close to White #2. Easier to sharpen than VG-10. Preferred by many professional chefs.,true
Chromax,chromax,Stainless,Hitachi,61–63,60,80,80,80,0.70–0.75%,13.50%,0.10%,,,,0.50%,0.40%,,Hitachi stainless emphasising corrosion resistance and ease of sharpening. Good for humid environments.,true
ATS-34,ats34,Stainless,Hitachi,60–62,70,60,70,70,1.05%,14.00%,4.00%,,,,0.40%,0.35%,,Premium conventional stainless equivalent to 154CM. Gold standard before PM steels. High Mo improves toughness and corrosion resistance.,true
VG-10,"vg-10,vg10,vg 10",Stainless,Takefu,60–62,70,60,80,70,1.00%,14.50–15.50%,0.90–1.20%,0.10–0.30%,,1.30–1.50%,0.50%,0.40%,,Most widely-used premium Japanese stainless. Cobalt gives better edge retention than composition alone suggests. The benchmark for accessible high-performance stainless.,true
VG-MAX,vg-max,Stainless,Takefu,60–62,80,60,80,70,1.00%,14.50–15.50%,0.90–1.20%,0.30%,3.00%,2.50%,0.50%,0.50%,,Upgraded proprietary VG-10 for Shun. Higher Co and V improve edge retention.,true
AUS-10,"aus-10,aus10,aus 10",Stainless,Aichi,60–62,70,60,80,80,0.95–1.10%,13.00–14.50%,0.10–0.30%,0.10–0.27%,,,0.50%,1.00%,Ni 0.49%,Premium AUS series. Higher C and V than AUS-8 improve edge retention. Nickel adds toughness.,true
COSP (Cobalt Special),cosp (cobalt special),Stainless,Takefu,62–64,80,60,70,80,0.80–0.90%,13.00–14.00%,0.50%,0.20%,,3.00–5.00%,0.50%,,,Cobalt-enhanced stainless. High Co allows greater hardness improving edge retention beyond what carbon content suggests.,true
ZA-18,za-18,Stainless,Takefu,63–65,80,50,90,70,1.00%,18.00%,1.30%,0.20%,,1.50%,0.40%,0.40%,,18% Cr gives near-immune rust resistance. Ideal for humid professional environments. Cobalt improves hardness.,true
SG2 / R2,"sg2,r2,sg-2,sg 2",Stainless PM,Takefu / Kobelco,62–64,90,50,80,80,1.25%,14.00%,2.30%,1.80%,,1.50%,0.40%,0.50%,"P ≤0.030%, S ≤0.030%",Benchmark powder metallurgy stainless steel. Uniform carbide distribution delivers exceptional edge retention. The endgame steel for most professionals.,true
VG XEOS,vg xeos,Stainless PM,Takefu,63–65,90,50,80,70,1.20–1.40%,14.00–15.00%,2.00–2.50%,1.50–2.00%,0.11%,1.00%,0.40%,0.25–0.30%,,Advanced PM stainless bridging VG-10 and SG2. High V and Mo push edge retention well beyond VG-10.,true
SRS-13,srs-13,Stainless PM,Nachi,63–65,90,40,80,80,1.30%,13.50%,2.00%,3.00%,1.25%,1.00%,0.50%,0.30%,,PM stainless by Nachi-Fujikoshi. High V (3%) produces fine vanadium carbides for exceptional retention.,true
FAXR2,faxr2,Stainless PM,Takefu,63–64,90,40,80,80,1.30%,14.00%,2.50%,2.00%,,1.50%,0.40%,0.40%,,PM stainless close to SG2. High V and Mo for excellent wear resistance.,true
SPG STRIX,spg strix,Stainless PM,Takefu,63–64,90,40,80,80,1.40%,14.00%,2.00%,2.40%,,1.00%,0.40%,0.40%,,Premium PM stainless at or above SG2. Very high V carbide content for exceptional edge retention.,true
ZDP-189,"zdp-189,zdp189,zdp 189",Stainless PM,Hitachi,67–69,100,20,70,50,3.00%,20.00%,1.40%,0.10%,0.60%,,0.50%,0.40%,,The extreme end of knife steel. 3% C and 20% Cr push hardness to 67–69 HRC. Very brittle — expert-only.,true
